{"train/loss": 4.5039, "train/learning_rate": 5e-05, "train/epoch": 0.0, "train/global_step": 1, "_timestamp": 1708921449.9069905, "_runtime": 103.3880524635315, "_step": 0}